{
  "urls": [
    "assets/sounds.mp3"
  ],
  "sprite": {
    "clear-line": [
      0,
      41.17913832199546
    ],
    "drop": [
      2000,
      272.97052154195
    ],
    "level-up": [
      4000,
      868.5034013605443
    ],
    "lock": [
      6000,
      278.4807256235826
    ],
    "move": [
      8000,
      35.62358276644062
    ],
    "rotate": [
      10000,
      61.99546485260754
    ]
  }
}