{
  "urls": [
    "assets/sounds.mp3"
  ],
  "sprite": {
    "clear-line": [
      0,
      361.3605442176871
    ],
    "drop": [
      2000,
      272.97052154195
    ],
    "hold": [
      4000,
      164.48979591836732
    ],
    "level-up": [
      6000,
      868.5034013605443
    ],
    "lock": [
      8000,
      61.99546485260754
    ],
    "move": [
      10000,
      17.052154195011937
    ],
    "rotate": [
      12000,
      48.43537414966015
    ]
  }
}